{"stats":{"minecraft:picked_up":{"minecraft:dirt":14},"minecraft:used":{"minecraft:dirt":14},"minecraft:custom":{"minecraft:jump":99,"minecraft:time_since_rest":1663,"minecraft:damage_dealt":18,"minecraft:damage_taken":570,"minecraft:leave_game":2,"minecraft:crouch_one_cm":586,"minecraft:play_time":11121,"minecraft:sprint_one_cm":26351,"minecraft:time_since_death":1629,"minecraft:walk_one_cm":11274,"minecraft:deaths":2,"minecraft:sneak_time":119,"minecraft:total_world_time":11121,"minecraft:fall_one_cm":8616,"minecraft:fly_one_cm":10087},"minecraft:mined":{"minecraft:grass_block":8,"minecraft:dirt":6},"minecraft:killed_by":{"minecraft:zombie":1}},"DataVersion":3465}