{"stats":{"minecraft:used":{"minecraft:dirt":12},"minecraft:mined":{"minecraft:grass_block":6,"minecraft:dirt":6},"minecraft:picked_up":{"minecraft:dirt":12},"minecraft:custom":{"minecraft:jump":36,"minecraft:time_since_rest":785,"minecraft:leave_game":1,"minecraft:deaths":1,"minecraft:crouch_one_cm":102,"minecraft:sprint_one_cm":3817,"minecraft:play_time":6313,"minecraft:damage_taken":280,"minecraft:time_since_death":755,"minecraft:walk_one_cm":7046,"minecraft:sneak_time":38,"minecraft:total_world_time":6313,"minecraft:fall_one_cm":4544,"minecraft:fly_one_cm":1153}},"DataVersion":3465}